referencia,nombre,precio,categoria,subcategoria,medida,presentacion,descripcion,imagen,destacado
0101,"Pulidora angular 4-1/2"" 850 W",245000,Herramientas eléctricas,Pulidoras,"4-1/2"" (115 mm)",Unidad,"Para cortar y desbastar metal, concreto o cerámica según el disco. Incluye guarda, mango lateral y llave.",img/ilustraciones/pulidora.svg,si
0102,"Pulidora angular 7"" 2.200 W",489000,Herramientas eléctricas,Pulidoras,"7"" (180 mm)",Unidad,Para cortes largos y trabajo pesado. Mango trasero giratorio y arranque suave.,img/ilustraciones/pulidora.svg,
0111,"Taladro percutor 1/2"" 650 W",219000,Herramientas eléctricas,Taladros,"Mandril 1/2"" (13 mm)",Unidad,"Perfora madera, metal y concreto. Velocidad variable y reversa.",img/ilustraciones/taladro.svg,si
0112,Taladro atornillador inalámbrico 12 V,329000,Herramientas eléctricas,Taladros,"Mandril 3/8"" (10 mm)",Unidad con 2 baterías,"Liviano para armar, atornillar y perforar. Incluye cargador y dos baterías.",img/ilustraciones/taladro.svg,
0121,"Sierra circular 7-1/4"" 1.400 W",389000,Herramientas eléctricas,Sierras,"Disco 7-1/4"" (184 mm)",Unidad,Corte recto en madera y aglomerado. Base ajustable para cortes en ángulo.,img/ilustraciones/sierra.svg,
0201,Martillo de uña 16 oz mango de fibra,32900,Herramientas manuales,Martillos,16 oz,Unidad,Cabeza forjada y mango de fibra de vidrio con agarre de caucho.,img/ilustraciones/martillo.svg,
0211,Juego de destornilladores x 6,38500,Herramientas manuales,Destornilladores,Pala y estrella,Juego x 6,"Tres de pala y tres de estrella, con punta imantada.",img/ilustraciones/destornillador.svg,
0221,"Alicate universal 8""",27900,Herramientas manuales,Alicates,"8"" (200 mm)",Unidad,"Para sujetar, doblar y cortar alambre. Mango aislado.",img/ilustraciones/alicate.svg,
0231,"Llave expansiva 10""",34900,Herramientas manuales,Llaves,"10"" (250 mm)",Unidad,Acero cromado con mordaza ajustable y escala grabada.,img/ilustraciones/llave.svg,
0241,Flexómetro 5 m x 19 mm,16900,Herramientas manuales,Medición,5 m,Unidad,Cinta con freno y gancho magnético. Escala en metros y pulgadas.,img/ilustraciones/flexometro.svg,si
0242,"Nivel de aluminio 24""",42000,Herramientas manuales,Medición,"24"" (60 cm)",Unidad,"Tres burbujas: horizontal, vertical y 45 grados.",img/ilustraciones/nivel.svg,
0124,"Disco de corte para metal 4-1/2"" x 1 mm",3500,Discos de corte,Metal,"4-1/2"" (115 mm)",Unidad,"Corte fino y rápido en hierro y lámina. Para pulidora de 4-1/2"".",img/ilustraciones/disco.svg,si
0125,"Disco de corte para metal 7"" x 1,6 mm",7900,Discos de corte,Metal,"7"" (180 mm)",Unidad,"Para perfiles, varilla y tubería. Pulidora de 7"".",img/ilustraciones/disco.svg,
0126,"Disco de corte para metal 9"" x 2 mm",11900,Discos de corte,Metal,"9"" (230 mm)",Unidad,"Cortes profundos en estructura metálica. Pulidora de 9"".",img/ilustraciones/disco.svg,
0127,"Disco de corte para metal 14"" x 3 mm",24900,Discos de corte,Metal,"14"" (355 mm)",Unidad,Para tronzadora. Corte de perfiles y tubería gruesa.,img/ilustraciones/disco.svg,
0131,"Disco de corte para acero inoxidable 4-1/2"" x 1 mm",4900,Discos de corte,Acero inoxidable,"4-1/2"" (115 mm)",Unidad,Libre de hierro: no mancha ni contamina el acero inoxidable.,img/ilustraciones/discoinox.svg,
0141,"Disco diamantado segmentado 4-1/2"" para concreto",18900,Discos de corte,Concreto,"4-1/2"" (115 mm)",Unidad,"Corte en seco de concreto, ladrillo y bloque.",img/ilustraciones/discoseg.svg,
0142,"Disco diamantado segmentado 7"" para concreto",39900,Discos de corte,Concreto,"7"" (180 mm)",Unidad,Para regatas y cortes largos en concreto y mampostería.,img/ilustraciones/discoseg.svg,
0151,"Disco diamantado continuo 4-1/2"" para cerámica",21900,Discos de corte,Cerámica,"4-1/2"" (115 mm)",Unidad,Borde continuo para un corte limpio en cerámica y porcelanato.,img/ilustraciones/discocont.svg,
0301,"Tornillo drywall punta fina 6 x 1"" (caja x 100)",8500,Tornillería y fijación,Tornillos,"6 x 1""",Caja x 100,"Fosfatado negro, para fijar placa de yeso a perfil metálico.",img/ilustraciones/tornillos.svg,
0302,"Tornillo autoperforante 8 x 1/2"" (caja x 100)",12900,Tornillería y fijación,Tornillos,"8 x 1/2""",Caja x 100,"Punta broca para lámina y perfil, sin perforar antes.",img/ilustraciones/tornillos.svg,
0311,"Chazo plástico 1/4"" con tornillo (bolsa x 50)",7500,Tornillería y fijación,Chazos,"1/4""",Bolsa x 50,"Para colgar repisas, cuadros y soportes en muro de ladrillo o concreto.",img/ilustraciones/chazos.svg,
0321,"Puntilla con cabeza 2-1/2"" (libra)",6500,Tornillería y fijación,Puntillas,"2-1/2""",Libra,Acero pulido para madera y formaleta.,img/ilustraciones/puntillas.svg,
0331,"Tuerca hexagonal 3/8"" galvanizada (bolsa x 25)",5900,Tornillería y fijación,Tuercas,"3/8""",Bolsa x 25,Galvanizada para exteriores. Rosca ordinaria.,img/ilustraciones/tuerca.svg,
0401,Cable de cobre THHN 12 AWG (metro),4200,Electricidad,Cables,12 AWG,Metro,Para circuitos de tomas e iluminación. Se vende por metro.,img/ilustraciones/cable.svg,
0402,Cable de cobre THHN 12 AWG (rollo x 100 m),359000,Electricidad,Cables,12 AWG,Rollo x 100 m,Rollo completo para obra.,img/ilustraciones/cable.svg,
0411,Bombillo LED 9 W luz blanca,6900,Electricidad,Bombillos,"9 W, rosca E27",Unidad,"Luz blanca para cocina, baño y zonas de trabajo.",img/ilustraciones/bombillo.svg,
0421,Toma doble con polo a tierra,9800,Electricidad,Tomas e interruptores,"15 A, 125 V",Unidad,Con placa blanca y tornillos de fijación.,img/ilustraciones/toma.svg,
0422,Interruptor sencillo,7900,Electricidad,Tomas e interruptores,"15 A, 125 V",Unidad,"Con placa blanca, para caja de 2 x 4"".",img/ilustraciones/interruptor.svg,
0431,"Cinta aislante negra 3/4"" x 18 m",4500,Electricidad,Cintas,"3/4"" x 18 m",Unidad,PVC flexible para aislar empalmes.,img/ilustraciones/cinta.svg,
0501,"Tubo PVC presión 1/2"" x 6 m",14900,Plomería,Tubería,"1/2"", RDE 13,5",Tubo x 6 m,Para agua fría a presión.,img/ilustraciones/tubo.svg,
0511,"Codo PVC presión 1/2"" x 90°",1200,Plomería,Accesorios,"1/2""",Unidad,Unión a 90 grados para tubería de presión.,img/ilustraciones/codo.svg,
0512,"Cinta teflón 1/2"" x 10 m",1900,Plomería,Accesorios,"1/2"" x 10 m",Unidad,Sella roscas de tubería y accesorios.,img/ilustraciones/teflon.svg,
0521,"Llave de paso 1/2"" metálica",28900,Plomería,Llaves de paso,"1/2""",Unidad,Registro de bola con palanca para cortar el agua.,img/ilustraciones/llavepaso.svg,
0531,Soldadura líquida PVC 1/32 de galón,14500,Plomería,Pegantes,1/32 gal,Tarro,Pega tubería y accesorios de PVC. Trae aplicador.,img/ilustraciones/tarro.svg,
0601,Vinilo tipo 1 blanco (galón),64900,Pinturas,Vinilos,Galón,Galón,Para interiores y exteriores. Buen cubrimiento y lavable.,img/ilustraciones/galon.svg,si
0611,Esmalte sintético negro (1/4 de galón),34900,Pinturas,Esmaltes,1/4 gal,Cuarto,Para metal y madera. Acabado brillante.,img/ilustraciones/cuarto.svg,
0621,"Brocha 3"" cerda natural",8900,Pinturas,Brochas y rodillos,"3""",Unidad,Para esmaltes y barnices. Mango de madera.,img/ilustraciones/brocha.svg,
0622,"Rodillo de felpa 9"" con marco",19900,Pinturas,Brochas y rodillos,"9""",Unidad,Para vinilos en muros y techos.,img/ilustraciones/rodillo.svg,
0631,Lija de agua grano 150 (pliego),1800,Pinturas,Lijas,Grano 150,Pliego,Para lijar en húmedo antes de pintar.,img/ilustraciones/lija.svg,
0701,Guantes recubiertos de nitrilo (par),8900,Seguridad industrial,Guantes,Talla M,Par,Buen agarre en seco y con grasa.,img/ilustraciones/guantes.svg,
0711,Gafas de seguridad lente claro,7500,Seguridad industrial,Gafas,Lente claro,Unidad,Protección contra partículas y salpicaduras.,img/ilustraciones/gafas.svg,
0721,Casco de seguridad tipo I,24900,Seguridad industrial,Cascos,Ajuste de ratchet,Unidad,Suspensión de 4 apoyos y ajuste de ratchet. Amarillo.,img/ilustraciones/casco.svg,
